-- População realista do banco

INSERT INTO tb_state (id, name) VALUES (1, 'Acre');
INSERT INTO tb_state (id, name) VALUES (2, 'Alagoas');
INSERT INTO tb_state (id, name) VALUES (3, 'Amapá');
INSERT INTO tb_state (id, name) VALUES (4, 'Amazonas');
INSERT INTO tb_state (id, name) VALUES (5, 'Bahia');
INSERT INTO tb_state (id, name) VALUES (6, 'Ceará');
INSERT INTO tb_state (id, name) VALUES (7, 'Distrito Federal');
INSERT INTO tb_state (id, name) VALUES (8, 'Espírito Santo');
INSERT INTO tb_state (id, name) VALUES (9, 'Goiás');
INSERT INTO tb_state (id, name) VALUES (10, 'Maranhão');
INSERT INTO tb_state (id, name) VALUES (11, 'Mato Grosso');
INSERT INTO tb_state (id, name) VALUES (12, 'Mato Grosso do Sul');
INSERT INTO tb_state (id, name) VALUES (13, 'Minas Gerais');
INSERT INTO tb_state (id, name) VALUES (14, 'Pará');
INSERT INTO tb_state (id, name) VALUES (15, 'Paraíba');
INSERT INTO tb_state (id, name) VALUES (16, 'Paraná');
INSERT INTO tb_state (id, name) VALUES (17, 'Pernambuco');
INSERT INTO tb_state (id, name) VALUES (18, 'Piauí');
INSERT INTO tb_state (id, name) VALUES (19, 'Rio de Janeiro');
INSERT INTO tb_state (id, name) VALUES (20, 'Rio Grande do Norte');
INSERT INTO tb_state (id, name) VALUES (21, 'Rio Grande do Sul');
INSERT INTO tb_state (id, name) VALUES (22, 'Rondônia');
INSERT INTO tb_state (id, name) VALUES (23, 'Roraima');
INSERT INTO tb_state (id, name) VALUES (24, 'Santa Catarina');
INSERT INTO tb_state (id, name) VALUES (25, 'São Paulo');
INSERT INTO tb_state (id, name) VALUES (26, 'Sergipe');
INSERT INTO tb_state (id, name) VALUES (27, 'Tocantins');

INSERT INTO tb_city (id, state_id, name) VALUES (1, 1, 'Santos');
INSERT INTO tb_city (id, state_id, name) VALUES (2, 2, 'da Rocha de Aragão');
INSERT INTO tb_city (id, state_id, name) VALUES (3, 3, 'Sales do Oeste');
INSERT INTO tb_city (id, state_id, name) VALUES (4, 4, 'Gonçalves dos Dourados');
INSERT INTO tb_city (id, state_id, name) VALUES (5, 5, 'Santos');

INSERT INTO tb_categoria (id, name) VALUES (1, 'Categoria 1');
INSERT INTO tb_categoria (id, name) VALUES (2, 'Categoria 2');
INSERT INTO tb_categoria (id, name) VALUES (3, 'Categoria 3');
INSERT INTO tb_categoria (id, name) VALUES (4, 'Categoria 4');
INSERT INTO tb_categoria (id, name) VALUES (5, 'Categoria 5');
INSERT INTO tb_categoria (id, name) VALUES (6, 'Categoria 6');
INSERT INTO tb_categoria (id, name) VALUES (7, 'Categoria 7');
INSERT INTO tb_categoria (id, name) VALUES (8, 'Categoria 8');
INSERT INTO tb_categoria (id, name) VALUES (9, 'Categoria 9');
INSERT INTO tb_categoria (id, name) VALUES (10, 'Categoria 10');

INSERT INTO tb_produto (id, name, price) VALUES (1, 'Quod', 2049.08);
INSERT INTO tb_produto_categoria (category_id, product_id) VALUES (2, 1);
INSERT INTO tb_produto (id, name, price) VALUES (2, 'Quisquam', 4536.73);
INSERT INTO tb_produto_categoria (category_id, product_id) VALUES (9, 2);
INSERT INTO tb_produto (id, name, price) VALUES (3, 'Soluta', 569.6);
INSERT INTO tb_produto_categoria (category_id, product_id) VALUES (2, 3);
INSERT INTO tb_produto (id, name, price) VALUES (4, 'Temporibus', 2188.52);
INSERT INTO tb_produto_categoria (category_id, product_id) VALUES (5, 4);
INSERT INTO tb_produto (id, name, price) VALUES (5, 'Tenetur', 4653.1);
INSERT INTO tb_produto_categoria (category_id, product_id) VALUES (5, 5);
INSERT INTO tb_produto (id, name, price) VALUES (6, 'Maiores', 2929.73);
INSERT INTO tb_produto_categoria (category_id, product_id) VALUES (9, 6);
INSERT INTO tb_produto (id, name, price) VALUES (7, 'Id', 1900.3);
INSERT INTO tb_produto_categoria (category_id, product_id) VALUES (5, 7);
INSERT INTO tb_produto (id, name, price) VALUES (8, 'Modi', 1095.48);
INSERT INTO tb_produto_categoria (category_id, product_id) VALUES (4, 8);
INSERT INTO tb_produto (id, name, price) VALUES (9, 'Inventore', 2523.96);
INSERT INTO tb_produto_categoria (category_id, product_id) VALUES (1, 9);
INSERT INTO tb_produto (id, name, price) VALUES (10, 'Ullam', 1205.02);
INSERT INTO tb_produto_categoria (category_id, product_id) VALUES (2, 10);
INSERT INTO tb_produto (id, name, price) VALUES (11, 'Voluptates', 241.56);
INSERT INTO tb_produto_categoria (category_id, product_id) VALUES (5, 11);
INSERT INTO tb_produto (id, name, price) VALUES (12, 'Omnis', 2932.9);
INSERT INTO tb_produto_categoria (category_id, product_id) VALUES (5, 12);
INSERT INTO tb_produto (id, name, price) VALUES (13, 'Ducimus', 383.01);
INSERT INTO tb_produto_categoria (category_id, product_id) VALUES (7, 13);
INSERT INTO tb_produto (id, name, price) VALUES (14, 'Laboriosam', 1329.72);
INSERT INTO tb_produto_categoria (category_id, product_id) VALUES (5, 14);
INSERT INTO tb_produto (id, name, price) VALUES (15, 'Cum', 305.79);
INSERT INTO tb_produto_categoria (category_id, product_id) VALUES (3, 15);
INSERT INTO tb_produto (id, name, price) VALUES (16, 'Sequi', 4239.18);
INSERT INTO tb_produto_categoria (category_id, product_id) VALUES (2, 16);
INSERT INTO tb_produto (id, name, price) VALUES (17, 'Iusto', 3255.65);
INSERT INTO tb_produto_categoria (category_id, product_id) VALUES (8, 17);
INSERT INTO tb_produto (id, name, price) VALUES (18, 'Quas', 3945.7);
INSERT INTO tb_produto_categoria (category_id, product_id) VALUES (10, 18);
INSERT INTO tb_produto (id, name, price) VALUES (19, 'Nisi', 4065.67);
INSERT INTO tb_produto_categoria (category_id, product_id) VALUES (10, 19);
INSERT INTO tb_produto (id, name, price) VALUES (20, 'Iure', 262.23);
INSERT INTO tb_produto_categoria (category_id, product_id) VALUES (6, 20);
INSERT INTO tb_produto (id, name, price) VALUES (21, 'Odit', 2351.78);
INSERT INTO tb_produto_categoria (category_id, product_id) VALUES (2, 21);
INSERT INTO tb_produto (id, name, price) VALUES (22, 'Incidunt', 3507.18);
INSERT INTO tb_produto_categoria (category_id, product_id) VALUES (10, 22);
INSERT INTO tb_produto (id, name, price) VALUES (23, 'Voluptate', 4759.97);
INSERT INTO tb_produto_categoria (category_id, product_id) VALUES (7, 23);
INSERT INTO tb_produto (id, name, price) VALUES (24, 'Possimus', 3697.08);
INSERT INTO tb_produto_categoria (category_id, product_id) VALUES (9, 24);
INSERT INTO tb_produto (id, name, price) VALUES (25, 'Magnam', 2141.15);
INSERT INTO tb_produto_categoria (category_id, product_id) VALUES (3, 25);
INSERT INTO tb_produto (id, name, price) VALUES (26, 'Odio', 2693.62);
INSERT INTO tb_produto_categoria (category_id, product_id) VALUES (6, 26);
INSERT INTO tb_produto (id, name, price) VALUES (27, 'Repudiandae', 4910.31);
INSERT INTO tb_produto_categoria (category_id, product_id) VALUES (3, 27);
INSERT INTO tb_produto (id, name, price) VALUES (28, 'Reprehenderit', 2520.34);
INSERT INTO tb_produto_categoria (category_id, product_id) VALUES (1, 28);
INSERT INTO tb_produto (id, name, price) VALUES (29, 'Repellendus', 4290.58);
INSERT INTO tb_produto_categoria (category_id, product_id) VALUES (9, 29);
INSERT INTO tb_produto (id, name, price) VALUES (30, 'Voluptate', 730.63);
INSERT INTO tb_produto_categoria (category_id, product_id) VALUES (10, 30);
INSERT INTO tb_produto (id, name, price) VALUES (31, 'Totam', 3478.34);
INSERT INTO tb_produto_categoria (category_id, product_id) VALUES (10, 31);
INSERT INTO tb_produto (id, name, price) VALUES (32, 'Provident', 2797.23);
INSERT INTO tb_produto_categoria (category_id, product_id) VALUES (1, 32);
INSERT INTO tb_produto (id, name, price) VALUES (33, 'Quod', 889.19);
INSERT INTO tb_produto_categoria (category_id, product_id) VALUES (10, 33);
INSERT INTO tb_produto (id, name, price) VALUES (34, 'Possimus', 2475.13);
INSERT INTO tb_produto_categoria (category_id, product_id) VALUES (1, 34);
INSERT INTO tb_produto (id, name, price) VALUES (35, 'Esse', 420.43);
INSERT INTO tb_produto_categoria (category_id, product_id) VALUES (6, 35);
INSERT INTO tb_produto (id, name, price) VALUES (36, 'Atque', 2922.46);
INSERT INTO tb_produto_categoria (category_id, product_id) VALUES (10, 36);
INSERT INTO tb_produto (id, name, price) VALUES (37, 'Facilis', 1789.19);
INSERT INTO tb_produto_categoria (category_id, product_id) VALUES (5, 37);
INSERT INTO tb_produto (id, name, price) VALUES (38, 'Dignissimos', 2185.0);
INSERT INTO tb_produto_categoria (category_id, product_id) VALUES (2, 38);
INSERT INTO tb_produto (id, name, price) VALUES (39, 'Ipsum', 4423.91);
INSERT INTO tb_produto_categoria (category_id, product_id) VALUES (6, 39);
INSERT INTO tb_produto (id, name, price) VALUES (40, 'Impedit', 3935.38);
INSERT INTO tb_produto_categoria (category_id, product_id) VALUES (7, 40);
INSERT INTO tb_produto (id, name, price) VALUES (41, 'Voluptatum', 901.27);
INSERT INTO tb_produto_categoria (category_id, product_id) VALUES (10, 41);
INSERT INTO tb_produto (id, name, price) VALUES (42, 'Soluta', 4831.15);
INSERT INTO tb_produto_categoria (category_id, product_id) VALUES (5, 42);
INSERT INTO tb_produto (id, name, price) VALUES (43, 'Libero', 845.06);
INSERT INTO tb_produto_categoria (category_id, product_id) VALUES (9, 43);
INSERT INTO tb_produto (id, name, price) VALUES (44, 'Eum', 2633.63);
INSERT INTO tb_produto_categoria (category_id, product_id) VALUES (9, 44);
INSERT INTO tb_produto (id, name, price) VALUES (45, 'Facere', 1060.73);
INSERT INTO tb_produto_categoria (category_id, product_id) VALUES (2, 45);
INSERT INTO tb_produto (id, name, price) VALUES (46, 'Similique', 4113.8);
INSERT INTO tb_produto_categoria (category_id, product_id) VALUES (9, 46);
INSERT INTO tb_produto (id, name, price) VALUES (47, 'Facilis', 3745.82);
INSERT INTO tb_produto_categoria (category_id, product_id) VALUES (1, 47);
INSERT INTO tb_produto (id, name, price) VALUES (48, 'Cumque', 1067.52);
INSERT INTO tb_produto_categoria (category_id, product_id) VALUES (2, 48);
INSERT INTO tb_produto (id, name, price) VALUES (49, 'Veniam', 1568.4);
INSERT INTO tb_produto_categoria (category_id, product_id) VALUES (2, 49);
INSERT INTO tb_produto (id, name, price) VALUES (50, 'Sapiente', 3208.13);
INSERT INTO tb_produto_categoria (category_id, product_id) VALUES (3, 50);
INSERT INTO tb_produto (id, name, price) VALUES (51, 'Delectus', 1389.68);
INSERT INTO tb_produto_categoria (category_id, product_id) VALUES (7, 51);
INSERT INTO tb_produto (id, name, price) VALUES (52, 'Dicta', 1941.13);
INSERT INTO tb_produto_categoria (category_id, product_id) VALUES (7, 52);
INSERT INTO tb_produto (id, name, price) VALUES (53, 'Quasi', 3858.51);
INSERT INTO tb_produto_categoria (category_id, product_id) VALUES (7, 53);
INSERT INTO tb_produto (id, name, price) VALUES (54, 'Nostrum', 2825.36);
INSERT INTO tb_produto_categoria (category_id, product_id) VALUES (9, 54);
INSERT INTO tb_produto (id, name, price) VALUES (55, 'Itaque', 1814.01);
INSERT INTO tb_produto_categoria (category_id, product_id) VALUES (10, 55);
INSERT INTO tb_produto (id, name, price) VALUES (56, 'Voluptates', 3250.16);
INSERT INTO tb_produto_categoria (category_id, product_id) VALUES (8, 56);
INSERT INTO tb_produto (id, name, price) VALUES (57, 'Non', 3998.52);
INSERT INTO tb_produto_categoria (category_id, product_id) VALUES (2, 57);
INSERT INTO tb_produto (id, name, price) VALUES (58, 'Laboriosam', 4809.02);
INSERT INTO tb_produto_categoria (category_id, product_id) VALUES (9, 58);
INSERT INTO tb_produto (id, name, price) VALUES (59, 'Deleniti', 1207.32);
INSERT INTO tb_produto_categoria (category_id, product_id) VALUES (4, 59);
INSERT INTO tb_produto (id, name, price) VALUES (60, 'Odit', 1170.81);
INSERT INTO tb_produto_categoria (category_id, product_id) VALUES (5, 60);
INSERT INTO tb_produto (id, name, price) VALUES (61, 'Officiis', 1118.7);
INSERT INTO tb_produto_categoria (category_id, product_id) VALUES (6, 61);
INSERT INTO tb_produto (id, name, price) VALUES (62, 'Facilis', 2642.4);
INSERT INTO tb_produto_categoria (category_id, product_id) VALUES (6, 62);
INSERT INTO tb_produto (id, name, price) VALUES (63, 'At', 1908.63);
INSERT INTO tb_produto_categoria (category_id, product_id) VALUES (10, 63);
INSERT INTO tb_produto (id, name, price) VALUES (64, 'Ad', 522.11);
INSERT INTO tb_produto_categoria (category_id, product_id) VALUES (3, 64);
INSERT INTO tb_produto (id, name, price) VALUES (65, 'Quibusdam', 3508.87);
INSERT INTO tb_produto_categoria (category_id, product_id) VALUES (7, 65);
INSERT INTO tb_produto (id, name, price) VALUES (66, 'Quos', 898.76);
INSERT INTO tb_produto_categoria (category_id, product_id) VALUES (5, 66);
INSERT INTO tb_produto (id, name, price) VALUES (67, 'Quos', 3026.88);
INSERT INTO tb_produto_categoria (category_id, product_id) VALUES (4, 67);
INSERT INTO tb_produto (id, name, price) VALUES (68, 'Voluptates', 2703.25);
INSERT INTO tb_produto_categoria (category_id, product_id) VALUES (4, 68);
INSERT INTO tb_produto (id, name, price) VALUES (69, 'Tenetur', 3099.51);
INSERT INTO tb_produto_categoria (category_id, product_id) VALUES (9, 69);
INSERT INTO tb_produto (id, name, price) VALUES (70, 'Optio', 137.97);
INSERT INTO tb_produto_categoria (category_id, product_id) VALUES (10, 70);
INSERT INTO tb_produto (id, name, price) VALUES (71, 'Optio', 48.44);
INSERT INTO tb_produto_categoria (category_id, product_id) VALUES (9, 71);
INSERT INTO tb_produto (id, name, price) VALUES (72, 'Repudiandae', 2693.72);
INSERT INTO tb_produto_categoria (category_id, product_id) VALUES (1, 72);
INSERT INTO tb_produto (id, name, price) VALUES (73, 'Pariatur', 2744.19);
INSERT INTO tb_produto_categoria (category_id, product_id) VALUES (3, 73);
INSERT INTO tb_produto (id, name, price) VALUES (74, 'Tempore', 2280.06);
INSERT INTO tb_produto_categoria (category_id, product_id) VALUES (4, 74);
INSERT INTO tb_produto (id, name, price) VALUES (75, 'Provident', 1306.25);
INSERT INTO tb_produto_categoria (category_id, product_id) VALUES (8, 75);
INSERT INTO tb_produto (id, name, price) VALUES (76, 'Soluta', 3653.13);
INSERT INTO tb_produto_categoria (category_id, product_id) VALUES (7, 76);
INSERT INTO tb_produto (id, name, price) VALUES (77, 'Quis', 3787.12);
INSERT INTO tb_produto_categoria (category_id, product_id) VALUES (6, 77);
INSERT INTO tb_produto (id, name, price) VALUES (78, 'Nobis', 571.56);
INSERT INTO tb_produto_categoria (category_id, product_id) VALUES (2, 78);
INSERT INTO tb_produto (id, name, price) VALUES (79, 'Facilis', 2200.35);
INSERT INTO tb_produto_categoria (category_id, product_id) VALUES (10, 79);
INSERT INTO tb_produto (id, name, price) VALUES (80, 'Quisquam', 1247.41);
INSERT INTO tb_produto_categoria (category_id, product_id) VALUES (1, 80);
INSERT INTO tb_produto (id, name, price) VALUES (81, 'Tempora', 3634.63);
INSERT INTO tb_produto_categoria (category_id, product_id) VALUES (4, 81);
INSERT INTO tb_produto (id, name, price) VALUES (82, 'Fuga', 2647.11);
INSERT INTO tb_produto_categoria (category_id, product_id) VALUES (4, 82);
INSERT INTO tb_produto (id, name, price) VALUES (83, 'Ea', 116.4);
INSERT INTO tb_produto_categoria (category_id, product_id) VALUES (3, 83);
INSERT INTO tb_produto (id, name, price) VALUES (84, 'Enim', 3014.6);
INSERT INTO tb_produto_categoria (category_id, product_id) VALUES (4, 84);
INSERT INTO tb_produto (id, name, price) VALUES (85, 'Ut', 2972.71);
INSERT INTO tb_produto_categoria (category_id, product_id) VALUES (2, 85);
INSERT INTO tb_produto (id, name, price) VALUES (86, 'Reiciendis', 1295.29);
INSERT INTO tb_produto_categoria (category_id, product_id) VALUES (2, 86);
INSERT INTO tb_produto (id, name, price) VALUES (87, 'Optio', 1622.64);
INSERT INTO tb_produto_categoria (category_id, product_id) VALUES (1, 87);
INSERT INTO tb_produto (id, name, price) VALUES (88, 'Quia', 539.66);
INSERT INTO tb_produto_categoria (category_id, product_id) VALUES (7, 88);
INSERT INTO tb_produto (id, name, price) VALUES (89, 'Repellat', 4737.28);
INSERT INTO tb_produto_categoria (category_id, product_id) VALUES (4, 89);
INSERT INTO tb_produto (id, name, price) VALUES (90, 'Nihil', 3642.53);
INSERT INTO tb_produto_categoria (category_id, product_id) VALUES (1, 90);
INSERT INTO tb_produto (id, name, price) VALUES (91, 'Quos', 1840.69);
INSERT INTO tb_produto_categoria (category_id, product_id) VALUES (1, 91);
INSERT INTO tb_produto (id, name, price) VALUES (92, 'Impedit', 102.59);
INSERT INTO tb_produto_categoria (category_id, product_id) VALUES (7, 92);
INSERT INTO tb_produto (id, name, price) VALUES (93, 'Neque', 2127.79);
INSERT INTO tb_produto_categoria (category_id, product_id) VALUES (8, 93);
INSERT INTO tb_produto (id, name, price) VALUES (94, 'Fuga', 4224.52);
INSERT INTO tb_produto_categoria (category_id, product_id) VALUES (2, 94);
INSERT INTO tb_produto (id, name, price) VALUES (95, 'Veritatis', 1850.49);
INSERT INTO tb_produto_categoria (category_id, product_id) VALUES (3, 95);
INSERT INTO tb_produto (id, name, price) VALUES (96, 'Error', 330.49);
INSERT INTO tb_produto_categoria (category_id, product_id) VALUES (1, 96);
INSERT INTO tb_produto (id, name, price) VALUES (97, 'Similique', 58.95);
INSERT INTO tb_produto_categoria (category_id, product_id) VALUES (8, 97);
INSERT INTO tb_produto (id, name, price) VALUES (98, 'Sunt', 1295.17);
INSERT INTO tb_produto_categoria (category_id, product_id) VALUES (5, 98);
INSERT INTO tb_produto (id, name, price) VALUES (99, 'Magni', 3955.04);
INSERT INTO tb_produto_categoria (category_id, product_id) VALUES (8, 99);
INSERT INTO tb_produto (id, name, price) VALUES (100, 'Id', 2988.43);
INSERT INTO tb_produto_categoria (category_id, product_id) VALUES (6, 100);

INSERT INTO tb_cliente (id, name, email, document, client) VALUES (1, 'Srta. Larissa Gonçalves', 'milena96@alves.org', '450.927.863-29', 1);
INSERT INTO tb_telefone (client_id, phones) VALUES (1, '51 9773 4819');
INSERT INTO tb_endereco (id, client_id, city_id, street, number, neighborhood, complement, postal_code)
            VALUES (1, 1, 1, 'Estação de Pires', '660',
            'Vila São Dimas', 'Apto 49', '40760-716');
INSERT INTO tb_cliente (id, name, email, document, client) VALUES (2, 'Dra. Ana Vitória da Paz', 'eduardamonteiro@uol.com.br', '294.658.031-89', 1);
INSERT INTO tb_telefone (client_id, phones) VALUES (2, '0500-933-3282');
INSERT INTO tb_endereco (id, client_id, city_id, street, number, neighborhood, complement, postal_code)
            VALUES (2, 2, 4, 'Vila Costa', '490',
            'Mineirão', 'Apto 47', '82821-349');
INSERT INTO tb_cliente (id, name, email, document, client) VALUES (3, 'Ana Júlia Rezende', 'piresgabrielly@da.com', '703.295.814-14', 1);
INSERT INTO tb_telefone (client_id, phones) VALUES (3, '31 5695-1111');
INSERT INTO tb_endereco (id, client_id, city_id, street, number, neighborhood, complement, postal_code)
            VALUES (3, 3, 3, 'Travessa de Barros', '110',
            'Itaipu', 'Apto 20', '85542-295');
INSERT INTO tb_cliente (id, name, email, document, client) VALUES (4, 'Maysa das Neves', 'joao-miguelcorreia@ig.com.br', '906.827.315-95', 1);
INSERT INTO tb_telefone (client_id, phones) VALUES (4, '+55 51 6187 4469');
INSERT INTO tb_endereco (id, client_id, city_id, street, number, neighborhood, complement, postal_code)
            VALUES (4, 4, 4, 'Viela João Felipe Souza', '2',
            'Serra', 'Apto 35', '34394-884');
INSERT INTO tb_cliente (id, name, email, document, client) VALUES (5, 'Sabrina da Mota', 'laviniaalmeida@souza.org', '136.208.579-03', 1);
INSERT INTO tb_telefone (client_id, phones) VALUES (5, '61 0932-9850');
INSERT INTO tb_endereco (id, client_id, city_id, street, number, neighborhood, complement, postal_code)
            VALUES (5, 5, 1, 'Travessa Ian Sales', '748',
            'Gutierrez', 'Apto 4', '56845-637');

INSERT INTO tb_pedido (id, client_id, address_id, instant) VALUES (1, 4, 4, CURRENT_TIMESTAMP);
INSERT INTO tb_pagamento (order_id, state) VALUES (1, 1);
INSERT INTO tb_pagamento_boleto (order_id, due_date, payment_date) VALUES (1, CURRENT_DATE + INTERVAL '5 days', CURRENT_DATE);
INSERT INTO tb_item_pedido (order_id, product_id, discount, quantity, price) VALUES (1, 99, 2.31, 3, 23.15);
INSERT INTO tb_item_pedido (order_id, product_id, discount, quantity, price) VALUES (1, 100, 56.77, 1, 567.66);
INSERT INTO tb_item_pedido (order_id, product_id, discount, quantity, price) VALUES (1, 70, 52.24, 2, 522.37);
INSERT INTO tb_item_pedido (order_id, product_id, discount, quantity, price) VALUES (1, 57, 93.99, 1, 939.92);
INSERT INTO tb_item_pedido (order_id, product_id, discount, quantity, price) VALUES (1, 25, 41.9, 1, 418.96);
INSERT INTO tb_pedido (id, client_id, address_id, instant) VALUES (2, 3, 3, CURRENT_TIMESTAMP);
INSERT INTO tb_pagamento (order_id, state) VALUES (2, 1);
INSERT INTO tb_pagamento_boleto (order_id, due_date, payment_date) VALUES (2, CURRENT_DATE + INTERVAL '5 days', CURRENT_DATE);
INSERT INTO tb_item_pedido (order_id, product_id, discount, quantity, price) VALUES (2, 6, 36.64, 1, 366.42);
INSERT INTO tb_item_pedido (order_id, product_id, discount, quantity, price) VALUES (2, 82, 81.59, 1, 815.87);
INSERT INTO tb_item_pedido (order_id, product_id, discount, quantity, price) VALUES (2, 80, 54.81, 1, 548.13);
INSERT INTO tb_item_pedido (order_id, product_id, discount, quantity, price) VALUES (2, 17, 46.81, 1, 468.15);
INSERT INTO tb_item_pedido (order_id, product_id, discount, quantity, price) VALUES (2, 21, 99.12, 3, 991.24);
INSERT INTO tb_pedido (id, client_id, address_id, instant) VALUES (3, 3, 3, CURRENT_TIMESTAMP);
INSERT INTO tb_pagamento (order_id, state) VALUES (3, 0);
INSERT INTO tb_pagamento_cartao (order_id, plots_number) VALUES (3, 4);
INSERT INTO tb_item_pedido (order_id, product_id, discount, quantity, price) VALUES (3, 18, 61.54, 3, 615.42);
INSERT INTO tb_item_pedido (order_id, product_id, discount, quantity, price) VALUES (3, 37, 25.96, 2, 259.65);
INSERT INTO tb_item_pedido (order_id, product_id, discount, quantity, price) VALUES (3, 95, 39.87, 3, 398.66);
INSERT INTO tb_item_pedido (order_id, product_id, discount, quantity, price) VALUES (3, 100, 54.68, 3, 546.78);
INSERT INTO tb_item_pedido (order_id, product_id, discount, quantity, price) VALUES (3, 93, 3.01, 3, 30.12);
INSERT INTO tb_pedido (id, client_id, address_id, instant) VALUES (4, 1, 1, CURRENT_TIMESTAMP);
INSERT INTO tb_pagamento (order_id, state) VALUES (4, 0);
INSERT INTO tb_pagamento_boleto (order_id, due_date, payment_date) VALUES (4, CURRENT_DATE + INTERVAL '5 days', CURRENT_DATE);
INSERT INTO tb_item_pedido (order_id, product_id, discount, quantity, price) VALUES (4, 96, 30.07, 2, 300.74);
INSERT INTO tb_item_pedido (order_id, product_id, discount, quantity, price) VALUES (4, 53, 12.62, 1, 126.19);
INSERT INTO tb_item_pedido (order_id, product_id, discount, quantity, price) VALUES (4, 80, 57.56, 2, 575.59);
INSERT INTO tb_item_pedido (order_id, product_id, discount, quantity, price) VALUES (4, 58, 48.05, 2, 480.47);
INSERT INTO tb_pedido (id, client_id, address_id, instant) VALUES (5, 5, 5, CURRENT_TIMESTAMP);
INSERT INTO tb_pagamento (order_id, state) VALUES (5, 0);
INSERT INTO tb_pagamento_cartao (order_id, plots_number) VALUES (5, 6);
INSERT INTO tb_item_pedido (order_id, product_id, discount, quantity, price) VALUES (5, 40, 15.9, 1, 159.03);
INSERT INTO tb_item_pedido (order_id, product_id, discount, quantity, price) VALUES (5, 31, 78.58, 1, 785.83);
INSERT INTO tb_item_pedido (order_id, product_id, discount, quantity, price) VALUES (5, 91, 98.6, 1, 986.02);
INSERT INTO tb_item_pedido (order_id, product_id, discount, quantity, price) VALUES (5, 62, 89.43, 2, 894.27);
INSERT INTO tb_pedido (id, client_id, address_id, instant) VALUES (6, 4, 4, CURRENT_TIMESTAMP);
INSERT INTO tb_pagamento (order_id, state) VALUES (6, 0);
INSERT INTO tb_pagamento_boleto (order_id, due_date, payment_date) VALUES (6, CURRENT_DATE + INTERVAL '5 days', CURRENT_DATE);
INSERT INTO tb_item_pedido (order_id, product_id, discount, quantity, price) VALUES (6, 10, 45.98, 3, 459.78);
INSERT INTO tb_item_pedido (order_id, product_id, discount, quantity, price) VALUES (6, 66, 35.26, 2, 352.62);
INSERT INTO tb_item_pedido (order_id, product_id, discount, quantity, price) VALUES (6, 99, 77.53, 2, 775.33);
INSERT INTO tb_item_pedido (order_id, product_id, discount, quantity, price) VALUES (6, 65, 26.71, 2, 267.15);
INSERT INTO tb_item_pedido (order_id, product_id, discount, quantity, price) VALUES (6, 48, 94.23, 1, 942.3);
INSERT INTO tb_pedido (id, client_id, address_id, instant) VALUES (7, 3, 3, CURRENT_TIMESTAMP);
INSERT INTO tb_pagamento (order_id, state) VALUES (7, 2);
INSERT INTO tb_pagamento_cartao (order_id, plots_number) VALUES (7, 1);
INSERT INTO tb_item_pedido (order_id, product_id, discount, quantity, price) VALUES (7, 76, 89.53, 1, 895.3);
INSERT INTO tb_item_pedido (order_id, product_id, discount, quantity, price) VALUES (7, 39, 36.09, 2, 360.88);
INSERT INTO tb_item_pedido (order_id, product_id, discount, quantity, price) VALUES (7, 73, 36.51, 2, 365.11);
INSERT INTO tb_item_pedido (order_id, product_id, discount, quantity, price) VALUES (7, 8, 52.48, 2, 524.82);
INSERT INTO tb_item_pedido (order_id, product_id, discount, quantity, price) VALUES (7, 48, 83.21, 1, 832.09);
INSERT INTO tb_pedido (id, client_id, address_id, instant) VALUES (8, 1, 1, CURRENT_TIMESTAMP);
INSERT INTO tb_pagamento (order_id, state) VALUES (8, 1);
INSERT INTO tb_pagamento_cartao (order_id, plots_number) VALUES (8, 6);
INSERT INTO tb_item_pedido (order_id, product_id, discount, quantity, price) VALUES (8, 66, 99.14, 2, 991.43);
INSERT INTO tb_item_pedido (order_id, product_id, discount, quantity, price) VALUES (8, 60, 77.19, 3, 771.88);
INSERT INTO tb_item_pedido (order_id, product_id, discount, quantity, price) VALUES (8, 81, 50.38, 2, 503.79);
INSERT INTO tb_item_pedido (order_id, product_id, discount, quantity, price) VALUES (8, 20, 26.58, 3, 265.82);
INSERT INTO tb_item_pedido (order_id, product_id, discount, quantity, price) VALUES (8, 41, 81.75, 3, 817.46);
INSERT INTO tb_pedido (id, client_id, address_id, instant) VALUES (9, 2, 2, CURRENT_TIMESTAMP);
INSERT INTO tb_pagamento (order_id, state) VALUES (9, 0);
INSERT INTO tb_pagamento_boleto (order_id, due_date, payment_date) VALUES (9, CURRENT_DATE + INTERVAL '5 days', CURRENT_DATE);
INSERT INTO tb_item_pedido (order_id, product_id, discount, quantity, price) VALUES (9, 7, 25.27, 2, 252.72);
INSERT INTO tb_item_pedido (order_id, product_id, discount, quantity, price) VALUES (9, 81, 98.94, 3, 989.41);
INSERT INTO tb_item_pedido (order_id, product_id, discount, quantity, price) VALUES (9, 71, 25.16, 1, 251.61);
INSERT INTO tb_item_pedido (order_id, product_id, discount, quantity, price) VALUES (9, 66, 97.66, 3, 976.55);
INSERT INTO tb_item_pedido (order_id, product_id, discount, quantity, price) VALUES (9, 56, 84.39, 3, 843.88);
INSERT INTO tb_pedido (id, client_id, address_id, instant) VALUES (10, 2, 2, CURRENT_TIMESTAMP);
INSERT INTO tb_pagamento (order_id, state) VALUES (10, 0);
INSERT INTO tb_pagamento_boleto (order_id, due_date, payment_date) VALUES (10, CURRENT_DATE + INTERVAL '5 days', CURRENT_DATE);
INSERT INTO tb_item_pedido (order_id, product_id, discount, quantity, price) VALUES (10, 34, 18.6, 3, 185.96);
INSERT INTO tb_item_pedido (order_id, product_id, discount, quantity, price) VALUES (10, 85, 31.47, 3, 314.66);
INSERT INTO tb_item_pedido (order_id, product_id, discount, quantity, price) VALUES (10, 13, 46.86, 1, 468.61);
INSERT INTO tb_item_pedido (order_id, product_id, discount, quantity, price) VALUES (10, 39, 91.03, 1, 910.25);
INSERT INTO tb_item_pedido (order_id, product_id, discount, quantity, price) VALUES (10, 49, 95.0, 1, 949.97);
INSERT INTO tb_pedido (id, client_id, address_id, instant) VALUES (11, 4, 4, CURRENT_TIMESTAMP);
INSERT INTO tb_pagamento (order_id, state) VALUES (11, 2);
INSERT INTO tb_pagamento_cartao (order_id, plots_number) VALUES (11, 3);
INSERT INTO tb_item_pedido (order_id, product_id, discount, quantity, price) VALUES (11, 7, 58.63, 3, 586.26);
INSERT INTO tb_item_pedido (order_id, product_id, discount, quantity, price) VALUES (11, 14, 30.9, 1, 308.96);
INSERT INTO tb_item_pedido (order_id, product_id, discount, quantity, price) VALUES (11, 88, 21.9, 3, 218.97);
INSERT INTO tb_item_pedido (order_id, product_id, discount, quantity, price) VALUES (11, 6, 75.77, 1, 757.71);
INSERT INTO tb_item_pedido (order_id, product_id, discount, quantity, price) VALUES (11, 99, 43.81, 3, 438.12);
INSERT INTO tb_pedido (id, client_id, address_id, instant) VALUES (12, 1, 1, CURRENT_TIMESTAMP);
INSERT INTO tb_pagamento (order_id, state) VALUES (12, 1);
INSERT INTO tb_pagamento_cartao (order_id, plots_number) VALUES (12, 4);
INSERT INTO tb_item_pedido (order_id, product_id, discount, quantity, price) VALUES (12, 41, 68.84, 2, 688.39);
INSERT INTO tb_item_pedido (order_id, product_id, discount, quantity, price) VALUES (12, 23, 69.76, 2, 697.6);
INSERT INTO tb_item_pedido (order_id, product_id, discount, quantity, price) VALUES (12, 16, 47.58, 2, 475.77);
INSERT INTO tb_item_pedido (order_id, product_id, discount, quantity, price) VALUES (12, 60, 5.68, 3, 56.81);
INSERT INTO tb_item_pedido (order_id, product_id, discount, quantity, price) VALUES (12, 20, 68.81, 1, 688.1);
INSERT INTO tb_pedido (id, client_id, address_id, instant) VALUES (13, 1, 1, CURRENT_TIMESTAMP);
INSERT INTO tb_pagamento (order_id, state) VALUES (13, 0);
INSERT INTO tb_pagamento_cartao (order_id, plots_number) VALUES (13, 3);
INSERT INTO tb_item_pedido (order_id, product_id, discount, quantity, price) VALUES (13, 14, 63.09, 2, 630.89);
INSERT INTO tb_item_pedido (order_id, product_id, discount, quantity, price) VALUES (13, 68, 7.06, 3, 70.56);
INSERT INTO tb_item_pedido (order_id, product_id, discount, quantity, price) VALUES (13, 45, 74.96, 2, 749.64);
INSERT INTO tb_item_pedido (order_id, product_id, discount, quantity, price) VALUES (13, 27, 35.13, 2, 351.26);
INSERT INTO tb_item_pedido (order_id, product_id, discount, quantity, price) VALUES (13, 8, 26.26, 1, 262.58);
INSERT INTO tb_pedido (id, client_id, address_id, instant) VALUES (14, 4, 4, CURRENT_TIMESTAMP);
INSERT INTO tb_pagamento (order_id, state) VALUES (14, 2);
INSERT INTO tb_pagamento_cartao (order_id, plots_number) VALUES (14, 4);
INSERT INTO tb_item_pedido (order_id, product_id, discount, quantity, price) VALUES (14, 11, 96.09, 1, 960.92);
INSERT INTO tb_item_pedido (order_id, product_id, discount, quantity, price) VALUES (14, 92, 99.09, 3, 990.9);
INSERT INTO tb_item_pedido (order_id, product_id, discount, quantity, price) VALUES (14, 9, 21.7, 1, 216.97);
INSERT INTO tb_item_pedido (order_id, product_id, discount, quantity, price) VALUES (14, 6, 84.42, 3, 844.21);
INSERT INTO tb_pedido (id, client_id, address_id, instant) VALUES (15, 2, 2, CURRENT_TIMESTAMP);
INSERT INTO tb_pagamento (order_id, state) VALUES (15, 0);
INSERT INTO tb_pagamento_boleto (order_id, due_date, payment_date) VALUES (15, CURRENT_DATE + INTERVAL '5 days', CURRENT_DATE);
INSERT INTO tb_item_pedido (order_id, product_id, discount, quantity, price) VALUES (15, 30, 98.64, 3, 986.38);
INSERT INTO tb_item_pedido (order_id, product_id, discount, quantity, price) VALUES (15, 41, 14.45, 3, 144.5);
INSERT INTO tb_item_pedido (order_id, product_id, discount, quantity, price) VALUES (15, 86, 93.04, 3, 930.43);
INSERT INTO tb_item_pedido (order_id, product_id, discount, quantity, price) VALUES (15, 71, 73.95, 3, 739.52);
INSERT INTO tb_item_pedido (order_id, product_id, discount, quantity, price) VALUES (15, 78, 81.81, 2, 818.08);
INSERT INTO tb_pedido (id, client_id, address_id, instant) VALUES (16, 4, 4, CURRENT_TIMESTAMP);
INSERT INTO tb_pagamento (order_id, state) VALUES (16, 0);
INSERT INTO tb_pagamento_boleto (order_id, due_date, payment_date) VALUES (16, CURRENT_DATE + INTERVAL '5 days', CURRENT_DATE);
INSERT INTO tb_item_pedido (order_id, product_id, discount, quantity, price) VALUES (16, 54, 52.91, 3, 529.12);
INSERT INTO tb_item_pedido (order_id, product_id, discount, quantity, price) VALUES (16, 18, 20.48, 1, 204.76);
INSERT INTO tb_item_pedido (order_id, product_id, discount, quantity, price) VALUES (16, 23, 21.31, 2, 213.12);
INSERT INTO tb_item_pedido (order_id, product_id, discount, quantity, price) VALUES (16, 20, 64.63, 2, 646.26);
INSERT INTO tb_item_pedido (order_id, product_id, discount, quantity, price) VALUES (16, 27, 92.05, 1, 920.46);
INSERT INTO tb_pedido (id, client_id, address_id, instant) VALUES (17, 4, 4, CURRENT_TIMESTAMP);
INSERT INTO tb_pagamento (order_id, state) VALUES (17, 2);
INSERT INTO tb_pagamento_cartao (order_id, plots_number) VALUES (17, 4);
INSERT INTO tb_item_pedido (order_id, product_id, discount, quantity, price) VALUES (17, 34, 50.36, 1, 503.64);
INSERT INTO tb_item_pedido (order_id, product_id, discount, quantity, price) VALUES (17, 73, 31.73, 1, 317.29);
INSERT INTO tb_item_pedido (order_id, product_id, discount, quantity, price) VALUES (17, 41, 77.56, 1, 775.63);
INSERT INTO tb_item_pedido (order_id, product_id, discount, quantity, price) VALUES (17, 18, 99.01, 3, 990.06);
INSERT INTO tb_item_pedido (order_id, product_id, discount, quantity, price) VALUES (17, 69, 78.52, 1, 785.21);
INSERT INTO tb_pedido (id, client_id, address_id, instant) VALUES (18, 5, 5, CURRENT_TIMESTAMP);
INSERT INTO tb_pagamento (order_id, state) VALUES (18, 0);
INSERT INTO tb_pagamento_boleto (order_id, due_date, payment_date) VALUES (18, CURRENT_DATE + INTERVAL '5 days', CURRENT_DATE);
INSERT INTO tb_item_pedido (order_id, product_id, discount, quantity, price) VALUES (18, 83, 94.65, 2, 946.51);
INSERT INTO tb_item_pedido (order_id, product_id, discount, quantity, price) VALUES (18, 6, 65.97, 3, 659.65);
INSERT INTO tb_item_pedido (order_id, product_id, discount, quantity, price) VALUES (18, 34, 27.2, 1, 271.97);
INSERT INTO tb_item_pedido (order_id, product_id, discount, quantity, price) VALUES (18, 17, 60.27, 2, 602.7);
INSERT INTO tb_item_pedido (order_id, product_id, discount, quantity, price) VALUES (18, 96, 10.26, 3, 102.57);
INSERT INTO tb_pedido (id, client_id, address_id, instant) VALUES (19, 3, 3, CURRENT_TIMESTAMP);
INSERT INTO tb_pagamento (order_id, state) VALUES (19, 1);
INSERT INTO tb_pagamento_boleto (order_id, due_date, payment_date) VALUES (19, CURRENT_DATE + INTERVAL '5 days', CURRENT_DATE);
INSERT INTO tb_item_pedido (order_id, product_id, discount, quantity, price) VALUES (19, 48, 36.35, 1, 363.5);
INSERT INTO tb_item_pedido (order_id, product_id, discount, quantity, price) VALUES (19, 15, 37.62, 2, 376.23);
INSERT INTO tb_item_pedido (order_id, product_id, discount, quantity, price) VALUES (19, 86, 3.67, 2, 36.74);
INSERT INTO tb_item_pedido (order_id, product_id, discount, quantity, price) VALUES (19, 46, 56.45, 2, 564.45);
INSERT INTO tb_pedido (id, client_id, address_id, instant) VALUES (20, 3, 3, CURRENT_TIMESTAMP);
INSERT INTO tb_pagamento (order_id, state) VALUES (20, 1);
INSERT INTO tb_pagamento_boleto (order_id, due_date, payment_date) VALUES (20, CURRENT_DATE + INTERVAL '5 days', CURRENT_DATE);
INSERT INTO tb_item_pedido (order_id, product_id, discount, quantity, price) VALUES (20, 20, 4.38, 3, 43.78);
INSERT INTO tb_item_pedido (order_id, product_id, discount, quantity, price) VALUES (20, 74, 85.61, 3, 856.13);
INSERT INTO tb_item_pedido (order_id, product_id, discount, quantity, price) VALUES (20, 47, 37.41, 2, 374.14);
INSERT INTO tb_item_pedido (order_id, product_id, discount, quantity, price) VALUES (20, 99, 85.95, 3, 859.53);
INSERT INTO tb_item_pedido (order_id, product_id, discount, quantity, price) VALUES (20, 7, 27.84, 3, 278.36);